"country","year (Year)","1996","1997","1998","1999","2000","2001","2002","2003","2004","2005","2006","2007","2008","2009","2010","2011","2012","2013","2014","2015","2016","2017"
"Afghanistan","amount"," "," "," "," ","6969765","42916785","155278000","468846847","1115611734","2739891016","2051616814","8352043138","3232846423","6265537546","9893876214","11112356051","9715509406","5492290930","4400902682","4403832000","3771866546","3672115000"
"Africa Regional","amount"," "," "," "," "," "," "," "," "," "," "," "," ","11277000","7715000","4735000","6209000","847000"," "," ","1497000","16850000","14041000"
"Africa and Europe Regional","amount"," "," "," "," ","1922000","1949000","2012000","2091000","2383000","2489000","5684000","6302000"," "," "," "," "," "," "," "," "," "," "
"African Union","amount"," "," "," "," "," ","100000"," "," "," "," "," "," "," "," "," "," "," "," "," "," ","500000","800000"
"Albania","amount"," "," "," ","417985","3309220","10883515","5501176","11494892","17650862","13032222","10119106","18081516","13204051","5946922","9520241","8475940","9264722","837536127","8590000","8207000","6992708","8090000"
"Algeria","amount"," "," "," ","14422","115000","140076","84015","713713","1005749","1540121","1671146","3656114","1760755","1741132","2416929","2253798","2813165","3365359","3231476","2745000","2550000","2300000"
"Angola","amount"," "," "," "," ","3110422","2853667","2936435","4176213","5829712","6676026","6622746","5237382","7888338","6778708","7980826","7923608","7971949","6488613","6538536","6018000","5150000","4525000"
"Antigua and Barbuda","amount","168000","336000","508000","718284","153276","807035","805000","199109","1507295","686204","411001","391184","22500","694582","2090598","499244","293317","374108","2256"," "," "," "
"Arabian Peninsula Regional","amount"," "," "," "," "," "," "," "," "," "," "," "," "," "," "," "," "," "," "," "," ","40000000","50000000"
"Argentina","amount","20042861","2228908","9990763","4184285","1497256","2371047","2982163","3411325","1520558","1729546","2013601","3744541","6396872","3663347","3006610","1150750","1157748","777132","638175","576000","550000","550000"
"Armenia","amount"," "," "," "," ","542417","3498235","10647825","10197635","9204232","13602052","10698964","9648459","8972606","7741896","4482848","4438812","5558156","6318802","5562657","5030000","3868931","4000000"
"Asia Regional","amount"," "," "," "," ","4698000","1769000"," "," "," "," "," "," "," "," "," "," "," "," "," "," "," "," "
"Asia and Near East Regional","amount"," "," "," "," "," "," ","3181000","1559000"," ","496000"," "," "," "," "," "," "," "," "," "," "," "," "
"Australia","amount"," "," "," "," ","236786","349408","95292"," "," "," "," "," ","7000","200000"," "," ","13814"," "," "," "," "," "
"Austria","amount"," "," "," "," ","33000","88960","0","0","0","3253","2119","14296","32339","32397","22554","39680","24494","15756","52530","0"," "," "
"Azerbaijan","amount"," "," "," "," ","1899767","3698227","18525550","14420184","22001308","33042541","30906742","24744132","48968383","11993569","5904648","15563781","4860706","4542908","4865465","3828000","2730000","2000000"
"Bahamas","amount","1037000","1104000","1024000","1354000","2463319","2921807","2431000","2138327","2298700","3253250","6801281","13604188","13856450","10285549","7291400","6267847","1270691","1550154","1202499","200000","200000","200000"
"Bahrain","amount"," "," "," "," ","425380","12794124","28920195","90448000","39205193","20985000","24685838","43064207","9099288","38134026","26911224","19670085","11074962","13889785","10972000","8527000","8600000","6600000"
"Bangladesh","amount"," "," "," "," ","523014","809310","1022535","1834873","2078167","2447351","8521778","5646229","9417077","30216134","15655428","23181053","26088063","8223424","9561782","7717000","6760000","8160000"
"Barbados","amount","451000","354000","364000","539068","578595","1040071","787879","537723","417400","290544","165545","190000","172300","390620","563147","510544","1136299","567328","484506"," "," "," "
"Belarus","amount"," "," "," "," ","310767","240000","176594","149324","217751","266171","410714","199127","102211","371771","15093","0"," ","3532","578"," "," "," "
"Belgium","amount"," "," "," "," ","39442","9712"," "," "," "," "," "," ","10801","13097"," ","8549"," "," "," "," "," "," "
"Belize","amount","433000","432640","654000","739000","407000","840000","912593","1050547","747477","1469156","1047205","2778870","5561580","5790905","6308889","14220344","6220715","4561126","7540502","1058000","1250000","1250000"
"Benin","amount"," "," "," "," ","1184422","1536909","583282","442285","183654","153494","562672","751749","257652","804918","519217","749822","684831","495979","385386","210000","230000","300000"
"Bermuda","amount"," "," "," "," "," "," "," "," ","7753"," "," "," "," "," "," "," "," "," "," "," "," "," "
"Bhutan","amount"," "," "," "," "," ","18256","62558","66404","81776"," ","40202","28298","8730","45634","73514","79677","27323","3274","3580"," "," "," "
"Bolivia","amount","17980500","22600000","38828261","36898226","60870247","32807829","47354737","45979501","50565732","44895276","41306546","37293624","28303984","22639640","19071849","15324600","7749435","5176888","5629"," "," "," "
"Bosnia and Herzegovina","amount"," "," "," "," ","52612978","27305612","23260070","13943727","31630465","11621655","11745651","11122727","6340487","6359907","7290990","7095537","11226874","17225793","15402957","13011000","12243504","12900000"
"Botswana","amount"," "," "," "," ","589422","2432694","1942056","1694860","1479361","1344780","1723233","897794","1374516","1236630","1450205","1429702","1262690","947083","971290","524000","525000","725000"
"Brazil","amount","3088000","3460000","3075000","1129443","5093299","2841528","6463178","6504039","10307738","9280762","7496439","6173235","3091544","3672536","20829775","5232748","4464405","3215432","1933773","786000","865000","865000"
"Brunei","amount"," "," "," "," ","1684","4528","4674","1456"," ","40000","31060","37771","102061","74616","143708","273271","147038","77307","804"," "," "," "
"Bulgaria","amount"," "," "," "," ","7576863","19390760","11771714","22259514","11913000","8976000","11880000","11059000","9735619","9778303","12593000","12028942","16042964","17226000","33671000","9610000","7000000","7000000"
"Burkina Faso","amount"," "," "," "," ","14422","13715","30976","64060","143798","216919","266988","324283","274261","546660","1761760","1769765","548086","6737349","10330453","242000","250000","345000"
"Burma","amount"," "," "," "," "," "," "," "," "," "," "," ","0"," "," "," "," "," "," ","39865","5000000","5000000","3000000"
"Burundi","amount"," "," "," "," ","7462","8243","43964","80851","135634","107685","509801","640212","655143","1502504","973337","17808481","849721","8577053","13294412","411000","425000","500000"
"CENTCOM Regional","amount"," "," "," "," "," "," "," "," "," "," "," "," "," "," "," "," ","48784521"," "," "," "," "," "
"Cambodia","amount"," "," "," "," ","14032305","7380812","3145355","2952924","4106651","5348195","6826676","5466479","5827688","7975707","6980854","6080872","6671093","7329248","7449487","6154000","6140000","6940000"
"Cameroon","amount"," "," "," "," ","805562","491193","466757","1004655","826898","923069","1784388","2207120","682424","1793613","2451523","1930265","1527158","2181213","3135394","31220000","300000","500000"
"Cape Verde","amount"," "," "," "," ","137422","131749","167686","192471","234978","254172","345029","958604","784799","972865","920341","1906586","1149951","1338175","1197880","144000","150000","150000"
"Caribbean Regional","amount","11729000","11729000","10252000","12596000","17029000","14358000","8369000","7807000","68454000","53134000","73278000","114232000","122333000","154853000","82794000","128964000","35535000","22072000","16375000","32114000","32721000","25840000"
"Cayman Islands","amount"," "," "," "," "," ","1450"," "," "," "," "," "," "," "," "," "," "," "," "," "," "," "," "
"Central Africa Regional","amount"," "," "," "," "," "," "," "," "," "," "," "," "," "," ","175000","6000000"," "," ","60000000"," "," "," "
"Central African Republic","amount"," "," "," "," ","109960","123992","195306","13000"," "," ","105000","288677","165782","280826","142379","504272","133222","23400000","10000000","10000000","12650000","13800000"
"Central America Regional","amount"," "," "," "," "," "," "," "," "," "," "," ","2225000"," ","52096000","51618000","64248000","73655556","74679500","91500000","170000000","235000000","205000000"
"Central Asia Regional","amount"," "," "," "," "," "," "," ","471000","462000","875000","677000","3600000","1848000","1692000","1449000","9313000","6998000","9244000","7000000","7200000","28500000","37200000"
"Central and Eastern Europe Regional","amount"," "," "," "," "," "," "," "," "," "," "," "," "," "," "," ","102000"," "," "," "," "," "," "
"Chad","amount"," "," "," "," ","1019067","647622","679174","788691","1934078","4917612","3432192","9422307","626072","1658389","2079970","1105073","639866","8102913","3903669","12386000","300000","500000"
"Chile","amount","735545","17101050","899000","1841183","1055157","7391848","1655597","3011507","1982946","1804902","2423705","3394001","4402414","3587427","4488668","3503989","1332268","1052790","1112586","1032000","700000","700000"
"China","amount"," "," "," "," "," ","73544","123659","49202","7753"," ","1181","4944","102538","210234","366956","306682","103425","309492","371121","825000"," ","800000"
"Colombia","amount","64468000","86562950","115161000","309912046","771135251","223875231","386684151","605334884","668924588","596121737","589237053","617874405","409044227","422401027","439124663","342042537","246859979","239881788","221705989","167941000","167595000","203925000"
"Comoros","amount"," "," "," "," ","7462","7889","48322","49805","213418","610068","604963","222833","998941","348337","251353","268476","218649","128456","309452","232000","150000","150000"
"Cook Islands","amount"," "," "," "," "," ","43141","56080","28120","49444"," ","22501","14149","9345","9685","14187"," "," "," "," "," "," "," "
"Costa Rica","amount","331137","333000","451000","1111028","1308470","1375035","1428993","1512327","1268370","906990","717020","928961","5601407","3171732","3556292","3735380","4732556","4075822","2431447","1673000","1825000","1825000"
"Cote d'Ivoire","amount"," "," "," "," ","1736422","13166","51111","0","28533","53843","198795","253249","140461","2972086","452135","153534","413335","1012657","1241970","481000","280000","340000"
"Croatia","amount"," "," "," "," ","5440639","8449330","8909896","7365294","3321001","1303472","1534870","1061452","1663166","2532517","10143200","25850823","9978290","10655000","14135000","4481000","3600000","2100000"
"Curacao","amount"," "," "," "," "," "," "," "," "," "," "," "," "," "," "," ","22603000"," ","26130000"," "," "," "," "
"Cyprus","amount"," "," "," "," ","310000","100000","55000","260000","400000","580000","350000","274000","3000","124574","21519","500000","7011"," ","7309"," "," "," "
"Czech Republic","amount"," "," "," "," ","8240724","10762303","12000000","28359000","10145000","8003000","5993000","5111000","4567761","7509127","7892000","19857563","11153323","23399000","14400000","2748000","2800000","1800000"
"Democratic Republic of Congo (Kinshasa)","amount"," "," "," "," "," "," ","62143"," ","400943","512842","4468212","1919513","17052859","45272979","28905835","27840832","23517799","18283742","13557942"," ","16398810"," "
"Democratic Republic of the Congo (Kinshasa)","amount"," "," "," "," "," "," "," "," "," "," "," "," "," "," "," "," "," "," "," ","12996000"," ","14435000"
"Denmark","amount"," "," "," "," ","102788","16000"," "," "," "," "," "," ","3326"," "," "," ","3574"," "," "," "," "," "
"Djibouti","amount"," "," "," "," ","1293428","640519","2113625","14239718","7097520","4896584","4567171","13598992","7876200","6647216","15042990","3000382","2016826","1633233","2492952","10188000","1100000","1000000"
"Dominica","amount","191000","233000","155000","235000","91638","356000","362999","81479","371280","259413","301698","225290","7800","119558","1972598","368750","299210","372054"," "," "," "," "
"Dominican Republic","amount","953030","1389600","1855975","2312955","1772208","4832300","1386891","2099862","3942879","3509950","5908112","6158492","18425134","3575325","13991161","8938792","8499176","2302557","4905234","753000","600000","600000"
"EUCOM Regional","amount"," "," "," "," "," "," "," "," "," "," "," "," "," "," "," ","6593000","28057426"," "," "," "," "," "
"East Africa Regional","amount"," "," "," "," "," "," "," "," "," ","3968000"," "," "," ","5000000","12000000","9960000","87000000","10000000","37154500","110922158","165000000","200000000"
"East Asia and Pacific Regional","amount"," "," "," "," ","2769000","2198000","5472000","4975000","12907000","4661000","3800000","2950000","3853000","3800000","5961000","6397000","9001000","7999000","22715000","56315000","10210000","37090000"
"East and Southern Africa Regional","amount"," "," "," "," "," "," "," "," "," "," "," "," "," ","8570537"," "," "," "," "," "," "," "," "
"Eastern Caribbean Regional","amount","8500000","1500000","1500000"," ","1300000"," "," "," "," "," ","404000","703000","1283000"," ","783000","806000","845000","757000","804000"," ","840000"," "
"Ecuador","amount","2736531","2757250","5120000","12764778","26717979","20395709","39116978","37137360","41971276","32371842","31422055","31655607","27451535","27158786","32404782","13064476","9747744","9206652","730462"," "," "," "
"Egypt","amount"," "," "," "," ","1326020442","1300303436","1301467151","1335235637","1304172936","1291722229","1289862897","1335541463","1295392357","1305150348","1306321875","1311677763","1306911312","1241638842","1305283786","1305800000","1306300000","1306700000"
"El Salvador","amount","707000","621000","783000","827325","1386525","2765818","3240546","4724112","13031571","10441468","18646533","10726528","17240976","12457680","8454064","10828816","11332798","15127708","5603792","2549000","2900000","2700000"
"Equatorial Guinea","amount"," "," "," "," ","7462"," "," "," ","28867","101","70388","89668","44033","87081","23518","0","1835"," "," "," "," "," "
"Eritrea","amount"," "," "," "," ","541422","1216492","1969450","2781000","1766571","3113811","400000"," "," "," "," "," "," "," "," "," "," "," "
"Estonia","amount"," "," "," "," ","6939076","7906232","7814104","12910737","8382000","7143000","5797000","5084000","2687530","2854647","12864020","7581161","12524659","8013000","8511000","38832000","3200000","2800000"
"Ethiopia","amount"," "," "," "," ","409462","14281","4541982","4901611","3225736","8034102","3427838","12981061","17306458","12569500","2924734","4385397","5619568","1389642","1572135","25155611","1270000","1070000"
"Eurasia Regional","amount"," "," "," "," ","300000","31240000","34000000","131450000","112805000","86172000","95469000","89837000","26906000","202203000","183204000","248202000","1450000"," "," "," "," "," "
"Europe Regional","amount"," "," "," "," "," "," "," ","539000","600000","709000","1640000","2125000","2500000","4335000","6280577","3750000","3800000"," "," "," "," "," "
"Europe and Eurasia Regional","amount"," "," "," "," ","7094000","74886000","98941000","82188000","78595000","2607000","28526000","28161000","24688000","29112000","29243000","28565000","28407000","31926000","33182000","55699000","134149000","101300000"
"Fiji","amount"," "," "," "," ","572560","53909","83242","114775","357052","673722","1272815","47661","7862","84048","255144","310861","126248","38161","27432","213000"," ","200000"
"Finland","amount"," "," "," "," ","19000","81988","36000","0","0","0"," ","2322","8044","10102","27572","1600","13987","11968","12394"," "," "," "
"France","amount"," "," "," "," ","170741","86774"," "," "," "," "," "," ","32000","37000"," "," ","13266","50000000","10000000","35000000"," "," "
"French Polynesia","amount"," "," "," "," "," "," "," "," "," "," "," "," "," "," "," "," ","1368"," "," "," "," "," "
"Gabon","amount"," "," "," "," ","61422","234606","207138","268966","381143","530818","652232","1302330","275868","510365","1172446","717209","516558","1081889","1164194","351000","230000","350000"
"Gambia","amount"," "," "," "," "," "," "," "," "," "," "," "," "," "," "," "," "," ","93000","280000"," "," "," "
"Georgia","amount"," "," "," "," ","6036395","40443672","102409721","31122266","38944676","42104688","33764759","106165087","162858160","92950133","63476183","52942798","126631102","24497501","19695315","37165000","35725000","27300000"
"Germany","amount"," "," "," "," ","153680","57092"," "," "," "," "," ","225000","24000","22000"," ","1425060","616301"," "," "," "," "," "
"Ghana","amount"," "," "," "," ","464422","1013164","1674691","1663318","1862714","1595296","1747966","2926530","2709602","2636228","5032420","3254071","3091785","2514841","4540651","1159000","970000","1150000"
"Global","amount"," "," "," "," "," "," ","420000000","1400000000","1400000000","1395000000","1344351000","127000000","37273700","167950000","162900000","166160000","675580000","1562731000","2535608000","3258969296","3281884496","3975004496"
"Great Lakes Regional","amount"," "," "," "," "," "," "," "," "," "," ","730000","458000"," "," "," "," ","18808000"," "," "," "," "," "
"Greece","amount"," "," "," "," ","359184","711288","772600","35751108","5261131","1163000","573000","558000","463562","358300","21631626","12865505","162227","93000","272000","199000","200000","200000"
"Grenada","amount","390000","149000","203000","302984","134957","295000","293000","299557","524045","236175","296193","151220","19500","339142","1900698","373500","304480","347054","418"," "," "," "
"Guam","amount"," "," "," "," "," "," "," "," "," "," "," "," ","112000","75000"," "," "," "," "," "," "," "," "
"Guatemala","amount","2268000","2158000","2796000","3009089","2982171","4268085","3194213","3028852","2994852","3301462","3111493","15927734","16202892","3693876","20182133","28998657","29358536","14464944","16708931","1789000","2515000","2500000"
"Guinea","amount"," "," "," "," ","264422","3368010","415275","300368","521580","630456","2825777","664702","550566","412456","787000","69180","484396","580661","1237176","189000","240000","340000"
"Guinea-Bissau","amount"," "," "," "," ","135422","557974","99557","322821"," ","175919","163351","744785","968000","456681","1658588","103828","4716"," "," ","130000","150000","150000"
"Guyana","amount","289000","178000","281000","471616","319233","375742","667804","727981","482500","472225","500600","561123","5209511","1271863","3295932","1061000","893088","934165","456553","300000","250000","250000"
"Haiti","amount","1250000","500000","940000","550000","522000","193849","519992","583000","884000","551650","15245950","36151650","11991800","19893489","160591373","21071800","19380146","19059429","13673000","7072000","7335000","8955000"
"Honduras","amount","794000","719000","2923404","1110108","1329825","1994063","2219006","2174163","5017124","3723465","3394287","11789679","13374611","7740025","5244957","12091291","10354171","9724269","11283264","3865000","5250000","5250000"
"Hong Kong","amount"," "," "," "," "," "," "," "," "," "," ","8748"," ","11800","7706","16139","29226","2080","1347","167554"," "," "," "
"Hungary","amount"," "," "," "," ","8100270","11585688","12029000","22222624","8982000","7964000","4799000","3818000","2172624","4660271","12213956","5269209","15556025","9798000","3902000","8978154","1000000","1000000"
"Iceland","amount"," "," "," "," ","25000"," "," "," "," "," "," "," ","3326"," "," ","58998"," "," "," "," "," "," "
"India","amount"," "," "," "," ","877468","1652059","3330535","3096022","2902977","6180546","4795781","3487187","4802942","4586288","6764794","8390940","7959532","7045324","8454301","5210000","3700000","3700000"
"Indonesia","amount"," "," "," "," ","1397999","131337","12654704","2732336","8836911","9127698","34629074","55169165","35731281","34084652","66521748","42046632","34023981","29825012","33996289","32088000","30510640","28725000"
"Iran","amount"," "," "," "," "," "," "," "," "," "," "," "," "," ","0"," ","14078","0"," ","319"," "," "," "
"Iraq","amount"," "," "," "," ","73235002","7545063","173670","234134008","1047297896","5496083893","3187440324","5591695268","3061007934","1043899295","1694599333","1315461029","884606475","517529242","375376234","1799926000","997860000","807860000"
"Ireland","amount"," "," "," "," ","79774"," ","0","15574","16649","0","0","71033","158276","71061","30031","5300","33811","9011","5075","0"," "," "
"Israel","amount"," "," "," "," ","2844709185","2042175383","2094297996","3131929322","2165123341","2203417222","2257747017","2366953796","2380760125","2554979569","2800725733","3143502075","3075095146","2943250959","3100012915","3100000000","3100000000","3100001000"
"Italy","amount"," "," "," "," ","18585","25000"," "," "," "," "," ","10000","71901","308300"," ","945130","18361"," "," "," "," "," "
"Jamaica","amount","2321500","1489000","2710000","48726597","2043419","1595000","2765995","2703393","3185704","4171848","3503723","9421441","3396203","2378146","2939265","4175058","4505115","1095833","2638943","573000","600000","600000"
"Japan","amount"," "," "," "," ","12934","141957","25949"," "," "," "," "," ","8000"," "," "," "," "," ","121000"," "," "," "
"Jordan","amount"," "," "," "," ","236149579","78148520","104788480","631949187","212403224","310666472","216436026","340939550","441892497","608368135","402980442","346685473","428099968","298570323","311938561","720018700","462650000","367600000"
"Kazakhstan","amount"," "," "," "," ","3530649","9031698","18898272","19780149","19069746","19862418","19395656","52974748","59108366","58090107","69976416","60964535","15953885","19326090","19601226","3855000","2351000","2600000"
"Kenya","amount"," "," "," "," ","436442","3971841","15529477","2857317","11032370","5378030","5412219","9682909","20012903","32621293","23180261","25263944","15220330","37773478","40793556","88926951","8050000","7850000"
"Kiribati","amount"," "," "," "," ","13139","43090","59342","50675","66428"," ","25372"," ","30855","13136","43046","53314","21626","10498","5354"," "," "," "
"Kosovo","amount"," "," "," "," ","33375000","11322474","15400000"," ","7000000"," ","227990","205536","1102718","3494125","4972286","6856974","5182865","13502836","13546430","16457000","12780000","14970000"
"Kuwait","amount"," "," "," "," "," ","0","0","0","50085","814000","628000","1025000"," ","0","220748","0","8249"," ","135"," "," "," "
"Kyrgyzstan","amount"," "," "," "," ","1948785","5827720","33366654","10020766","9947357","15063835","10767555","38355493","60486665","36660294","93060605","78307945","90669162","11312938","8902880","3529000","4580350","3060000"
"Lake Chad Regional","amount"," "," "," "," "," "," "," "," "," "," "," "," "," "," "," "," "," "," "," ","178000000","105000000","125000000"
"Laos","amount"," "," "," "," ","5147541","1493000","1556709","1307636","1544467","2600000","3398518","2838033","3476686","2433562","5668819","2742868","5786921","9685291","13250683","13547000","20800000","11450000"
"Latvia","amount"," "," "," "," ","5885410","7380262","8764455","11873016","10508000","7356000","7376000","4980000","2564800","2646556","6252330","12550453","6686658","8485000","15217000","47042000","3200000","2700000"
"Lebanon","amount"," "," "," "," ","16829483","3514070","1768000","6137037","1600000","4308398","44675678","314532243","40450694","233950846","155401934","105900683","124834967","112073802","128805368","161653039","100510000","123510000"
"Lesotho","amount"," "," "," "," ","100422","101844","157027","77485","44207","88818","117635","353773","254968","490231","578464","439131","197395","21910","234176","8000","150000","125000"
"Levant Regional","amount"," "," "," "," "," "," "," "," "," "," "," "," "," "," "," "," "," "," "," ","138661961","315000000","470000000"
"Liberia","amount"," "," "," "," ","6960"," "," ","200000","160000","7376000","32578260","61691159","56616244","49441327","39340484","29374998","30540846","23459317","18799147","17360000","18420000","14960000"
"Libya","amount"," "," "," "," "," "," "," "," "," "," "," ","11809","1071803","783637","773380","25004020","15326909","11205501","5990367","4500000","10000000","5500000"
"Lithuania","amount"," "," "," "," ","7086347","8529755","8909433","13231806","8572000","7762000","6274000","6545000","3957458","2792436","6272792","17207988","16523848","12160000","14874000","40938000","3200000","2700000"
"Macedonia","amount"," "," "," "," ","1429450","19126376","11406920","13130446","9529526","8239314","7033146","9654284","5150697","5167702","7265056","6736669","5908156","6591027","6423303","7247000","6128000","6800000"
"Madagascar","amount"," "," "," "," ","207929","232254","307703","298751","433232","1294938","465199","523946","894676","264625","143708","213383","71087"," ","92404","73000","250000","250000"
"Malawi","amount"," "," "," "," ","1322422","1205365","557705","360175","469252","512000","647322","677825","543230","692941","503525","589073","1174545","325512","283124","335000","250000","300000"
"Malaysia","amount"," "," "," "," ","1349672","1878901","1692298","3554942","2844665","4250067","5616979","23531783","32092923","5083195","5536658","6018648","3531523","3580302","3085128","2252000","2270000","2270000"
"Maldives","amount"," "," "," "," ","275507","237123","210796","261577","288555","298704","438162","458665","509314","755796","6205189","13861036","2047295","1993210","3540084","1354000","1340000","1340000"
"Mali","amount"," "," "," "," ","937813","1553519","464472","1514260","417547","1596698","1622330","7149080","1489101","5725515","10592952","2491794","128663266","12602000","2995000","6409000","780000","1400000"
"Malta","amount"," "," "," "," ","955000","8289600","472880","5772000","446202","3085368","787531","786983","239656","907788","2312554","5305851","4750000","201000","158411","100000","100000","200000"
"Marshall Islands","amount"," "," "," "," ","25086","25049","39332","44746","60615"," ","23566","128298","46000","59000","52760","45000","48680","13441","5088"," "," "," "
"Martinique","amount"," "," "," "," "," "," "," "," ","0","0","0","25000","30000","31000","20000","20000"," "," "," "," "," "," "
"Mauritania","amount"," "," "," "," ","475422","497092","877696","220096","399123","1741165","274889","11151050","3023682","8122","8967545","32378921","8306400","26144519","17490876","449000","800000","1500000"
"Mauritius","amount"," "," "," "," ","118508","143192","196050","187557","222432","733216","1367708","905512","269666","457526","860936","663776","565353","415373","742403","244000","150000","150000"
"Mexico","amount","41455804","75244000","27567000","27636136","20110891","30084064","48906196","19648473","41530303","43085121","45266915","56046844","437036452","682809799","247966694","130233892","177981932","141438528","104664721","119068000","110660000","85661000"
"Micronesia","amount"," "," "," "," ","25086","45369","56140","91280","123667"," ","63172","69158","192748","97007","628952","284548","35364","112736","92737"," "," "," "
"Middle East and North Africa Regional","amount"," "," "," "," ","6191000","5460000","11272000","11815000","13881000","305000","300000","150000"," ","900000","10125000","1530000","3000000","7429000","38500000","28000000","36440000","34500000"
"Moldova","amount"," "," "," "," ","3834386","21237466","5809059","4050669","5272805","4032949","4482747","3905381","3487357","3010041","2632744","2944085","4067762","4538863","4656988","15569000","15928000","18010000"
"Monaco","amount"," "," "," "," "," "," "," "," "," "," "," "," ","2621"," "," "," ","0","0"," ","0"," "," "
"Mongolia","amount"," "," "," "," ","936266","3408138","2876722","2393824","3306876","3787000","5876895","5470565","2569568","2825648","6543149","4736199","4797434","4486583","4638535","4314000","3874000","4350000"
"Montenegro","amount"," "," "," "," "," "," "," "," "," "," "," ","528293","1101867","1680962","2377563","3230622","3629537","3121690","3204932","3803000","2595000","3805000"
"Morocco","amount"," "," "," "," ","13650945","6579840","17799046","26169267","20038012","30797715","21377700","18210064","9804004","17859397","18115234","13967097","58596917","47589852","13501952","18467000","16600000","13500000"
"Mozambique","amount"," "," "," "," ","4200422","2380000","2573495","2895860","1751955","3269457","3202156","2211367","491001","602861","2919710","4304473","3125302","4117306","2724650","1519000","370000","400000"
"Namibia","amount"," "," "," "," ","674422","242467","395371","799923","43963","195571","25295","123622","72239","331364","258173","261123","193018","135018","144076","195000","150000","150000"
"Nauru","amount"," "," "," "," "," ","14559"," ","16216","17787"," "," "," ","7620","26272","27981","14061","18652"," ","4622"," "," "," "
"Nepal","amount"," "," "," "," ","283014","1001653","14658278","7971221","6649372","4587232","1405631","12401454","3389298","3115513","7235207","6493294","6664135","7394938","6241287","7719000","21251000","5620000"
"Netherlands","amount"," "," "," "," ","130150","146850"," "," "," ","65000","68000","38000","50000","57000"," ","8848","31533"," "," "," "," "," "
"Netherlands Antilles","amount"," "," ","125000","277000","131000","373000","300000","247000","15106114","16672000","16315000","18539000","19460000","25550000","25677000"," "," "," "," "," "," "," "
"New Caledonia","amount"," "," "," "," "," "," "," "," "," "," "," "," "," "," "," "," "," "," ","3873"," "," "," "
"New Zealand","amount"," "," "," "," ","762","2735","33567"," "," "," "," "," "," "," "," ","4530","3359"," "," "," "," "," "
"Nicaragua","amount"," ","57000","76000","635663","443533","2005736","1097841","1948697","2704400","1363650","2118490","10808762","5251612","7502324","2604228","4224584","5450546","883470","3271527","54000"," ","300000"
"Niger","amount"," "," "," "," ","14422","116104","165752","174181","187943","3395988","1781960","7310090","438407","442830","842000","398298","12484737","12286203","37501782","21918000","900000","1500000"
"Nigeria","amount"," "," "," "," ","26221929","15478158","10117435","1739961","1625687","1666117","2866275","5202975","7779114","7126093","5713333","4922606","15539940","10856937","8415183","1417000","1330000","1300000"
"Niue","amount"," "," "," "," "," "," "," ","29151","17969"," "," "," ","3500"," ","5419"," "," ","305","3902"," "," "," "
"North Korea","amount"," "," "," "," ","55307000","74879000","90500000","4968000"," "," "," "," "," "," "," "," "," "," "," "," "," "," "
"Norway","amount"," "," "," "," ","507717","407302"," "," "," "," "," "," ","1435","2574"," "," ","18681"," "," "," "," "," "
"Oman","amount"," "," "," "," ","1410143","693236","26315797","81855800","26227922","26054567","16173479","16560143","9112680","10365215","12549889","17243974","11318622","11166219","11942782","7105000","5500000","4000000"
"Pakistan","amount"," "," "," "," ","3755507","1550377","391607777","346554227","152587820","340479174","364571888","1113926789","1554459590","1655471743","2718730195","2399971162","1568489598","1796549769","1565351486","1055320473","1221200000","319700000"
"Palau","amount"," "," "," "," ","30000","30600","58880","33870","29121"," ","90226","99331"," "," "," "," ","18923","729","2561"," "," "," "
"Palestinian Territories","amount"," "," "," "," "," "," "," "," "," "," "," "," ","25000000","227295364","97718656","147803711","89021739","60134476","60332944","71000000","62200000","36000000"
"Panama","amount","2384478","2384000","3279690","2390746","5930436","2280680","5327048","10507190","8553359","6337250","8242472","8669961","7006989","14367271","8037833","11597176","8026386","5246248","5286907","4077000","3350000","3200000"
"Panama Canal Area Military School","amount","500000","520000","530000"," "," "," "," "," "," "," "," "," "," "," "," "," "," "," "," "," "," "," "
"Papua New Guinea","amount"," "," "," "," ","244014","266399","327317","385461","447929","300000","358412","263088","331947","285227","491723","355211","89689","37110","263441","298000","250000","200000"
"Paraguay","amount","1130778","1229000","431000","886852","461914","1734706","1023816","1433971","1605230","1913874","3337792","2854740","3823523","8919041","4026092","1690699","1612129","1246571","790372","480000","460000","460000"
"Peru","amount","38919236","33969000","36147000","73464999","58969343","29692935","75476232","58000783","68171475","55934641","61074548","65110953","41131888","42579285","59651344","45205628","35435413","50328085","42650243","39579000","34660000","35100000"
"Philippines","amount"," "," "," "," ","24055489","4794417","58512946","56971424","41734803","40510927","45374970","83318022","65485899","81206870","73876170","41212814","67546765","52300907","70294283","78203000","64590000","54590000"
"Poland","amount"," "," "," "," ","13554450","21455110","14191000","41807116","35283000","78752000","31840000","30528000","34435399","57202894","123945872","39131238","40474230","39746500","19800000","10996000","11000000","5500000"
"Portugal","amount"," "," "," "," ","734822","797648","720000","3364701","752000","850000","593000","669462","905500","488371","133085","126423","65722","93000","81000","90000","100000","100000"
"Puerto Rico","amount","208000","208000"," "," "," "," "," "," "," "," "," "," "," "," "," "," "," "," "," "," "," "," "
"Qatar","amount"," "," "," "," ","109000","230559","268299","258900","50080","1379000","963275","1507803","573456","829089","798726","0","44614","294720","152755","0"," "," "
"Republic of Congo (Brazzaville)","amount"," "," "," "," ","14422","93652","186711","122065","136438","236172","357270","300721","905617","349621","267145","154484","98368","85258","316094"," ","150000"," "
"Republic of the Congo (Brazzaville)","amount"," "," "," "," "," "," "," "," "," "," "," "," "," "," "," "," "," "," "," ","270000"," ","250000"
"Romania","amount"," "," "," "," ","9575405","20181323","12559234","28772239","11194000","15737000","14355000","16128300","16291000","17898788","29341177","23450926","28649322","33679409","29765000","25646000","7100000","6100000"
"Russia","amount"," "," "," "," ","6090390","389201689","272113504","271352271","335546590","294327350","322685548","236555756","165582022","148632437","137359557","166871936","35866","5000"," "," "," "," "
"Rwanda","amount"," "," "," "," ","819206","408933","397384","630829","396246","449848","532886","857771","626712","821501","1683841","1673756","930202","987836","450680","619000","450000","500000"
"Samoa","amount"," "," "," "," ","96947","88000","143719","88449","16174"," ","23175","54149","28501","61000","57101","127061","137784","48479","52635","82000","100000","100000"
"Sao Tome and Principe","amount"," "," "," "," ","52462","108517","144810","707423","298969","266710","481706","705473","187016","644492","679661","265600","349529","469518","288820","74000","150000","150000"
"Saudi Arabia","amount"," "," "," "," "," ","98981","78847","126772","86876","996308","2069292","719555","15862987","617047","506389","422200","160268","357714","168864","9000","10000","10000"
"Senegal","amount"," "," "," "," ","3754047","5070431","3465031","2191743","3244748","2413279","4215925","9142439","2086245","2904146","3689278","5318491","3240524","3243602","8978000","1677000","1500000","2300000"
"Serbia","amount"," "," "," "," "," "," "," "," "," "," ","1560000","1734320","1945412","3258400","3797638","5060176","6186226","7340076","6621969","7027000","5772500","7160000"
"Serbia and Montenegro","amount"," "," "," "," ","198494","4253","166209","1990432","1742439","1716727","155139"," ","160000","230000","249000"," "," "," "," "," "," "," "
"Seychelles","amount"," "," "," "," ","251000","133128","69227","155462","128305","538520","403170","391823","284053","181811","449299","893244","627580","464555","233296","142000","150000","150000"
"Sierra Leone","amount"," "," "," "," ","18006960","37644651","198903","417611","745213","312736","498160","2259611","485210","1693683","16860690","1760258","497301","436334","533646","299000","310000","400000"
"Singapore","amount"," "," "," "," ","78762","212489","314173","321056","825601","636140","514936","1273700","883217","798308","653165","744927","515934","577357","495789","240000","250000","200000"
"Slovakia","amount"," "," "," "," ","4020287","12672676","9660877","16439572","7983000","6528000","5328000","4986000","2133517","2110798","2214000","2526239","2034345","1895000","1347000","942000","900000","900000"
"Slovenia","amount"," "," "," "," ","3616906","7046429","5666062","5558726","3289000","2686000","1439000","1302000","1354150","1221034","1277000","1987379","1214131","1039000","1167000","602000","650000","650000"
"Solomon Islands","amount"," "," "," "," ","74560","104313","179690","163976","63448","152000","149000","42000","67051","84591","94671","99968","7145"," ","3873"," "," "," "
"Somalia","amount"," "," "," "," ","1400000","1400000","1200000","450000"," "," "," ","74600000","5576000","246600000","104387000","77348090","198634363","192328458","202198026","319169000","121515000","116865000"
"South Africa","amount"," "," "," "," ","1210936","2245900","10143244","9464143","2305223","1664497","297270","185627","3415936","1786002","3786274","5170032","6155082","8254328","4000507","2396000","2400000","2350000"
"South Asia Regional","amount"," "," "," "," ","1333000","2515000","6882000","5386000","7624000"," "," "," "," "," "," "," "," "," "," "," "," "," "
"South Caucasus Regional","amount"," "," "," "," "," "," "," "," "," ","30000"," "," ","400000","1000000"," "," "," "," "," "," "," "," "
"South Korea","amount"," "," "," "," ","1303730","1605251","1080766","774547","354883","493463","496077","450618","775908","2351191","562270","377720","325755","705384","542014","0"," "," "
"South Sudan","amount"," "," "," "," "," "," "," "," "," "," ","20246000","31064000","61065000","29249140","40527038","62769246","66567405","51476401","59297648","37621000","39700000","38000000"
"South and Central Asia Regional","amount"," "," "," "," "," "," "," "," "," ","650000","153000"," ","1170000","400000","850000","1500000","1000000","913000","430000","430000","430000","430000"
"Southeast Asia Regional","amount"," "," "," "," ","8418000","9176000","8006000","8799000","7949000","22389000","21420000","21035000","47420000","25526000","10641000","8020000","4643000"," "," "," "," "," "
"Southern Africa Regional","amount"," "," "," "," ","37600000"," "," "," "," "," "," "," "," "," "," "," "," "," "," "," "," "," "
"Southern Cone Regional","amount"," "," "," "," "," "," "," "," "," ","500000"," "," "," "," "," "," "," "," "," "," "," "," "
"Southwest Asia Regional","amount"," "," "," "," ","2094000","1466000","1692000","3305000","3250000","11672000","17487000","21463000"," ","28109000","47970000","48496000"," "," "," "," "," "," "
"Spain","amount"," "," "," "," ","125985","84000"," "," "," "," "," ","156000","12575","26948"," ","19098","30615"," "," "," "," "," "
"Sri Lanka","amount"," "," "," "," ","1208045","951908","974198","3854168","5763340","4343166","17068896","14511449","8648234","14495886","3766224","4613252","6826783","5839392","4977455","3427000","3380000","8780000"
"St. Kitts and Nevis","amount","100000","158000","195000","232284","146638","335000","381997","365135","627997","299904","304580","151310","7800","169907","2138298","377494","287885","354108","3104"," "," "," "
"St. Lucia","amount","96000","142500","279000","292000","128000","406200","460811","403729","836085","493490","419288","151264","23400","1720000","537598","382400","287663"," "," "," "," "," "
"St. Vincent and the Grenadines","amount","145000","193000","160000","241384","208319","270600","303880","104095"," ","1882","6400","620","11700","343050","1890298","466750","302071","347054"," "," "," "," "
"Sub-Saharan Africa Regional","amount"," "," "," "," ","23509000","27195000","20545000","18928000","29948000","20454000","13600000","650000","18231580","20100000","14927000","19400000","29550000","53153000","75490000","155554000","173853000","211698000"
"Sudan","amount"," "," "," "," "," "," "," ","896000","7858000","137460000","186775000","207146000","33979000","21625870","23787200","3100000","1114410"," "," "," "," "," "
"Suriname","amount","154000","149000","82000","121426","631276","129221","335997","577901","265000","349572","595550","1929968","5230258","1792139","1300429","1168295","439247","517108","409150","199000","215000","215000"
"Swaziland","amount"," "," "," "," ","119422","188843","122688","125015","158889","368764","320541","372305","233150","504932","498934","536649","164967","105914","150588","150000","150000","125000"
"Sweden","amount"," "," "," "," ","46402","412164","42000","0","0","0","3714","934"," ","12453","76997","0","10946","25249","32745"," "," "," "
"Switzerland","amount"," "," "," "," ","72430","47000","15941","0","0","0","0","11719","17559","78544","7720","33757","13777","20839","29724"," "," "," "
"Syria","amount"," "," "," "," "," "," "," "," "," "," "," "," "," ","0"," ","12145","16600000","63520000","319","517000000","445000000","313470000"
"Taiwan","amount"," "," "," "," ","70000","30000","100383","308909","897788","320000","617034","857546","781894","723896","725020","825977","606805","783638","408254"," "," "," "
"Tajikistan","amount"," "," "," "," ","473045","1143687","21710394","5952055","5019371","19463361","9777505","20591227","48075792","12328798","25562097","10359857","27848189","18472832","29214516","7941000","7570000","6515000"
"Tanzania","amount"," "," "," "," ","181422","222329","355218","263031","998166","1012071","2899025","3449405","684153","1176903","4507233","2335068","2455960","1624673","4161716","1260000","700000","700000"
"Thailand","amount"," "," "," "," ","11755265","11188541","12808348","15221110","12828970","10992677","14500854","12189404","12121274","13696092","15933053","8456343","6853251","8004241","7651290","3220000","4532210","3170000"
"The Gambia","amount"," "," "," "," ","14422","13529","97893","128496","212673","321873","180872","271101","207297","338462","429154","690309","311374","285484","304393","53000","150000","150000"
"Timor-Leste","amount"," "," "," "," ","8500000","8500000","7146000","5430778","3651599","2615000","2668000","729000","276520","310201","12637658","386405","318819","482502","684843","1594000","700000","1200000"
"Togo","amount"," "," "," "," ","764422","65074","230162","185903","431897","224064","310123","231534","222130","231430","360966","791634","937327","585745","598940","473000","200000","300000"
"Tonga","amount"," "," "," "," ","181507","159678","198964","189016","679516","388000","928797","1603813","930616","899538","825759","418209","327847","26594","266745","248000","250000","250000"
"Trinidad and Tobago","amount","545000","568000","2625394","742353","1357717","1150000","797998","737732","370712","367440","821457","1828095","2040436","2338614","2154024","1080940","839237","687798","207799","308000","325000","325000"
"Tunisia","amount"," "," "," "," ","8137712","9488642","10547915","7973177","12208496","13180808","11412820","11784741","20760359","23896450","21318227","37510214","64714730","31583431","32927963","103117236","81900000","66220000"
"Turkey","amount"," "," "," "," ","5045585","3805507","52956000","20750000","40600000","38923661","18641881","20079993","13720193","27854281","8311000","7096538","6216686","4732000","4435000","4630000","3850000","3800000"
"Turkmenistan","amount"," "," "," "," ","1383568","2344552","9731946","1170410","997392","7118282","2239251","5872803","11780831","2605585","11522404","4388214","1364643","1303050","1054809","690000","679000","715000"
"Turks and Caicos","amount"," "," "," "," "," "," "," "," "," "," "," "," "," ","27857"," ","42400","20730"," "," "," "," "," "
